Ref,Val,Package,PosX,PosY,Rot,Side
"C1","22uF 25V","C_1206_3216Metric",52.000000,-19.200000,0.000000,top
"C2","100nF 50V","C_0805_2012Metric",48.000000,-20.900000,0.000000,top
"D1","SS14","D_SMA",44.000000,-24.900000,180.000000,top
"D2","BAT54S","SOT-23",48.000000,-14.900000,0.000000,top
"F1","PTC 500mA","R_1206_3216Metric",37.000000,-24.900000,0.000000,top
"R1","10k","R_0805_2012Metric",42.000000,-10.900000,0.000000,top
"R2","15k","R_0805_2012Metric",42.000000,-14.900000,0.000000,top
"R3","220R","R_0805_2012Metric",47.000000,-10.900000,0.000000,top
"R4","220R","R_0805_2012Metric",36.000000,-10.900000,0.000000,top
"R5","220R","R_0805_2012Metric",18.200000,-11.900000,90.000000,top
"R6","220R","R_0805_2012Metric",18.200000,-22.900000,90.000000,top
"RJ45_1","RJ45 8P8C 2xLED","RJ45_Connfly_DS1128-09-S8xx-S_Horizontal",7.920000,-21.170000,90.000000,top
"U1A","Socket 1x15 2.54mm","PinSocket_1x15_P2.54mm_Vertical",21.500000,-4.900000,90.000000,top
"U1B","Socket 1x15 2.54mm","PinSocket_1x15_P2.54mm_Vertical",21.500000,-30.300000,90.000000,top
